{"cameraMode":{"drawMode":0,"name":"Shaded","section":"Shading Mode"},"sceneLighting":false,"audioPlay":false,"sceneViewState":{"showFog":true,"showMaterialUpdate":false,"showSkybox":false,"showFlares":true,"showImageEffects":true,"showParticleSystems":true},"in2DMode":false,"pivot":{"x":-0.7506158351898193,"y":1.709749698638916,"z":0.3544750213623047},"rotation":{"x":-0.07074548304080963,"y":-0.01286998949944973,"z":0.0009150562109425664,"w":-0.9974162578582764},"size":10.0,"orthographic":false}